Année,Region,Pays,ISO3,Nombre de touristes,Nombre de croisièristes,Nuitées touristiques,Durée de séjour moyenne
2024,Afrique,Afrique,,346,137,8808.0,"306,2"
2024,Amérique Centrale,Autre Amérique Centrale,,277,103,4048.0,"171,4"
2024,Amérique Centrale,Mexique,MEX,943,172,10776.0,"134,5"
2024,Amérique du Nord,Canada,CAN,8903,3970,125110.0,"174,9"
2024,Amérique du Nord,Hawaii,USA,3554,541,39154.0,"132,6"
2024,Amérique du Nord,USA,USA,100372,24309,977663.0,"117,7"
2024,Amérique du Sud,Argentine,ARG,325,82,5070.0,"193,2"
2024,Amérique du Sud,Autre Amérique du Sud,,335,83,5450.0,194
2024,Amérique du Sud,Brésil,BRA,871,194,13049.0,"195,6"
2024,Amérique du Sud,Chili,CHL,299,48,5032.0,"201,3"
2024,Asie,Autre Asie,,70,22,2469.0,"398,5"
2024,Asie,Chine,CHN,2036,183,17114.0,"104,2"
2024,Asie,Corée du Sud,KOR,605,25,5447.0,"109,3"
2024,Asie,Hong Kong,HKG,260,43,3087.0,"140,6"
2024,Asie,Inde,IND,170,36,3226.0,"249,1"
2024,Asie,Indonésie,IDN,231,145,5065.0,"261,8"
2024,Asie,Japon,JPN,3592,161,27043.0,"98,6"
2024,Asie,Malaisie,MYS,114,14,2482.0,"358,8"
2024,Asie,Philippines,PHL,368,280,3492.0,"122,6"
2024,Asie,Singapour,SGP,302,62,3848.0,"147,8"
2024,Asie,Taïwan,TWN,269,28,3158.0,"138,7"
2024,Asie,Thaïlande,THA,130,24,3673.0,"382,3"
2024,Europe (hors France),Allemagne,DEU,5532,1663,97014.0,211
2024,Europe (hors France),Autre Europe,,4140,1024,59001.0,"171,3"
2024,Europe (hors France),Autriche,AUT,859,293,16260.0,"229,8"
2024,Europe (hors France),Belgique,BEL,2071,543,43141.0,"246,7"
2024,Europe (hors France),Danemark,DNK,1231,828,54407.0,"538,7"
2024,Europe (hors France),Espagne,ESP,2608,359,35670.0,"167,3"
2024,Europe (hors France),Finlande,FIN,161,22,2331.0,"176,3"
2024,Europe (hors France),Italie,ITA,6267,508,74415.0,"158,8"
2024,Europe (hors France),Luxembourg,LUX,283,73,5409.0,"237,5"
2024,Europe (hors France),Norvège,NOR,308,90,6370.0,"261,1"
2024,Europe (hors France),Pays-Bas,NLD,808,207,15014.0,"221,1"
2024,Europe (hors France),Portugal,PRT,512,96,10432.0,"249,8"
2024,Europe (hors France),Royaume-Uni,GBR,4729,1934,64990.0,"168,7"
2024,Europe (hors France),Russie,RUS,233,101,3456.0,"183,9"
2024,Europe (hors France),Suède,SWE,405,126,6710.0,"204,9"
2024,Europe (hors France),Suisse,CHE,3953,1036,78015.0,"238,4"
2024,France,France,FRA,80969,8274,2132125.0,"324,8"
2024,Pacifique,Australie,AUS,7913,2694,101429.0,"151,5"
2024,Pacifique,Autre Pacifique,,537,7,10263.0,"243,1"
2024,Pacifique,Cook,COK,538,14,5602.0,"119,5"
2024,Pacifique,Fidji,FJI,243,4,2733.0,"130,8"
2024,Pacifique,Nouvelle-Calédonie,NCL,5263,189,98971.0,"236,7"
2024,Pacifique,Nouvelle-Zélande,NZL,9068,1259,99507.0,"129,4"
2024,Pacifique,Samoa,WSM,155,1,2835.0,"141,5"
2024,Pacifique,Tonga,TON,88,2,805.0,"139,9"
2024,Proche et Moyen Orient,Proche et Moyen Orient,,520,102,6880.0,"146,3"
2023,Afrique,Afrique,,416,168,11473.0,"332,3"
2023,Amérique Centrale,Autre Amérique Centrale,,314,95,4627.0,"183,8"
2023,Amérique Centrale,Mexique,MEX,830,131,8820.0,"121,7"
2023,Amérique du Nord,Canada,CAN,8764,3325,122961.0,"171,8"
2023,Amérique du Nord,Hawaii,USA,3481,453,39198.0,"132,5"
2023,Amérique du Nord,USA,USA,108761,19627,1022781.0,"113,3"
2023,Amérique du Sud,Argentine,ARG,350,56,5334.0,"183,5"
2023,Amérique du Sud,Autre Amérique du Sud,,300,62,3614.0,"145,5"
2023,Amérique du Sud,Brésil,BRA,676,157,9738.0,176
2023,Amérique du Sud,Chili,CHL,374,38,6314.0,"215,8"
2023,Asie,Autre Asie,,68,14,1473.0,"229,7"
2023,Asie,Chine,CHN,889,33,7777.0,"106,2"
2023,Asie,Corée du Sud,KOR,528,15,5345.0,"125,7"
2023,Asie,Hong Kong,HKG,242,20,2948.0,"151,5"
2023,Asie,Inde,IND,137,21,2654.0,"233,3"
2023,Asie,Indonésie,IDN,119,71,2595.0,"278,8"
2023,Asie,Japon,JPN,1398,43,11986.0,"115,4"
2023,Asie,Malaisie,MYS,65,19,948.0,"162,3"
2023,Asie,Philippines,PHL,303,226,3572.0,152
2023,Asie,Singapour,SGP,223,16,2637.0,"139,7"
2023,Asie,Taïwan,TWN,200,3,2037.0,"128,8"
2023,Asie,Thaïlande,THA,118,17,2780.0,"275,9"
2023,Europe (hors France),Allemagne,DEU,4952,1699,81776.0,"202,2"
2023,Europe (hors France),Autre Europe,,3218,750,47495.0,"179,7"
2023,Europe (hors France),Autriche,AUT,777,274,13733.0,"210,9"
2023,Europe (hors France),Belgique,BEL,1689,335,35478.0,254
2023,Europe (hors France),Danemark,DNK,1182,707,49726.0,"511,9"
2023,Europe (hors France),Espagne,ESP,2340,380,32327.0,"170,2"
2023,Europe (hors France),Finlande,FIN,119,27,1649.0,"155,1"
2023,Europe (hors France),Italie,ITA,5747,490,68473.0,"169,5"
2023,Europe (hors France),Luxembourg,LUX,272,64,5291.0,"232,1"
2023,Europe (hors France),Norvège,NOR,228,80,5499.0,"291,2"
2023,Europe (hors France),Pays-Bas,NLD,645,157,10059.0,"190,3"
2023,Europe (hors France),Portugal,PRT,342,65,6265.0,"216,9"
2023,Europe (hors France),Royaume-Uni,GBR,3827,1151,52935.0,"166,4"
2023,Europe (hors France),Russie,RUS,109,36,1839.0,"195,4"
2023,Europe (hors France),Suède,SWE,389,115,7013.0,"224,9"
2023,Europe (hors France),Suisse,CHE,3483,872,72720.0,"251,4"
2023,France,France,FRA,79335,8230,2029850.0,"313,4"
2023,Pacifique,Australie,AUS,7718,2391,97799.0,"151,4"
2023,Pacifique,Autre Pacifique,,387,18,6246.0,"180,1"
2023,Pacifique,Cook,COK,407,7,3978.0,"100,6"
2023,Pacifique,Fidji,FJI,150,7,1988.0,"134,8"
2023,Pacifique,Nouvelle-Calédonie,NCL,6899,214,110763.0,"188,3"
2023,Pacifique,Nouvelle-Zélande,NZL,8471,1046,93271.0,"130,2"
2023,Pacifique,Samoa,WSM,26,2,373.0,"115,7"
2023,Pacifique,Tonga,TON,55,0,896.0,143
2023,Proche et Moyen Orient,Proche et Moyen Orient,,490,88,6886.0,"166,4"
2022,Afrique,Afrique,,306,117,8335.0,"338,3"
2022,Amérique Centrale,Autre Amérique Centrale,,345,99,5116.0,"203,7"
2022,Amérique Centrale,Mexique,MEX,605,126,8090.0,"167,6"
2022,Amérique du Nord,Canada,CAN,9507,5413,129184.0,"183,8"
2022,Amérique du Nord,Hawaii,USA,2902,500,36470.0,"152,7"
2022,Amérique du Nord,USA,USA,91543,19813,956850.0,"126,6"
2022,Amérique du Sud,Argentine,ARG,164,32,2996.0,"270,9"
2022,Amérique du Sud,Autre Amérique du Sud,,234,73,3697.0,"211,6"
2022,Amérique du Sud,Brésil,BRA,474,105,7451.0,"198,4"
2022,Amérique du Sud,Chili,CHL,166,33,3434.0,"241,2"
2022,Asie,Autre Asie,,59,25,2260.0,"422,1"
2022,Asie,Chine,CHN,162,9,1572.0,"119,7"
2022,Asie,Corée du Sud,KOR,239,5,4032.0,"181,3"
2022,Asie,Hong Kong,HKG,59,3,1172.0,"231,4"
2022,Asie,Inde,IND,71,22,1959.0,"362,8"
2022,Asie,Indonésie,IDN,90,54,1662.0,"213,7"
2022,Asie,Japon,JPN,278,10,3473.0,"204,7"
2022,Asie,Malaisie,MYS,30,5,520.0,"218,5"
2022,Asie,Philippines,PHL,302,245,3400.0,140
2022,Asie,Singapour,SGP,186,18,2509.0,"179,8"
2022,Asie,Taïwan,TWN,91,1,999.0,"142,2"
2022,Asie,Thaïlande,THA,41,4,1296.0,"318,6"
2022,Europe (hors France),Allemagne,DEU,3044,949,63099.0,"257,5"
2022,Europe (hors France),Autre Europe,,2210,714,38123.0,"207,3"
2022,Europe (hors France),Autriche,AUT,424,176,9726.0,"287,1"
2022,Europe (hors France),Belgique,BEL,1626,411,37878.0,"295,5"
2022,Europe (hors France),Danemark,DNK,915,596,41188.0,551
2022,Europe (hors France),Espagne,ESP,2072,237,29315.0,"176,5"
2022,Europe (hors France),Finlande,FIN,86,24,1123.0,"127,6"
2022,Europe (hors France),Italie,ITA,5885,351,74553.0,"195,6"
2022,Europe (hors France),Luxembourg,LUX,284,47,5409.0,"208,2"
2022,Europe (hors France),Norvège,NOR,189,83,4017.0,225
2022,Europe (hors France),Pays-Bas,NLD,552,170,12174.0,"283,3"
2022,Europe (hors France),Portugal,PRT,285,66,5585.0,"227,6"
2022,Europe (hors France),Royaume-Uni,GBR,3258,1005,47419.0,"186,5"
2022,Europe (hors France),Russie,RUS,61,35,1323.0,"273,5"
2022,Europe (hors France),Suède,SWE,251,93,5577.0,"274,7"
2022,Europe (hors France),Suisse,CHE,2494,664,58966.0,"299,1"
2022,France,France,FRA,71305,7722,1869095.0,"325,2"
2022,Pacifique,Australie,AUS,4468,1504,63713.0,210
2022,Pacifique,Autre Pacifique,,196,10,3449.0,"165,2"
2022,Pacifique,Cook,COK,173,6,2106.0,"181,5"
2022,Pacifique,Fidji,FJI,91,1,1505.0,"124,4"
2022,Pacifique,Nouvelle-Calédonie,NCL,5483,211,99720.0,"213,1"
2022,Pacifique,Nouvelle-Zélande,NZL,5096,750,64494.0,272
2022,Pacifique,Samoa,WSM,44,0,817.0,"74,1"
2022,Pacifique,Tonga,TON,35,0,906.0,"137,1"
2022,Proche et Moyen Orient,Proche et Moyen Orient,,369,73,5921.0,"193,1"
2021,Afrique,Afrique,,65,26,2316.0,"384,1"
2021,Amérique Centrale,Autre Amérique Centrale,,61,18,1198.0,"270,2"
2021,Amérique Centrale,Mexique,MEX,76,11,1301.0,"215,5"
2021,Amérique du Nord,Canada,CAN,1287,350,25510.0,"338,4"
2021,Amérique du Nord,Hawaii,USA,869,123,12354.0,"206,1"
2021,Amérique du Nord,USA,USA,40084,6080,439921.0,"164,9"
2021,Amérique du Sud,Argentine,ARG,32,20,874.0,"188,5"
2021,Amérique du Sud,Autre Amérique du Sud,,59,10,803.0,"122,1"
2021,Amérique du Sud,Brésil,BRA,34,14,1145.0,"240,3"
2021,Amérique du Sud,Chili,CHL,28,3,476.0,156
2021,Asie,Autre Asie,,17,9,814.0,"328,4"
2021,Asie,Chine,CHN,18,1,184.0,"54,7"
2021,Asie,Corée du Sud,KOR,33,0,855.0,"218,3"
2021,Asie,Hong Kong,HKG,12,1,643.0,"437,3"
2021,Asie,Inde,IND,12,11,226.0,"89,1"
2021,Asie,Indonésie,IDN,42,39,779.0,"109,4"
2021,Asie,Japon,JPN,23,2,474.0,"210,5"
2021,Asie,Malaisie,MYS,8,1,390.0,205
2021,Asie,Philippines,PHL,139,112,2913.0,"262,2"
2021,Asie,Singapour,SGP,24,4,671.0,"332,2"
2021,Asie,Taïwan,TWN,8,1,167.0,"89,7"
2021,Asie,Thaïlande,THA,1,0,90.0,90
2021,Europe (hors France),Allemagne,DEU,753,251,20726.0,"422,4"
2021,Europe (hors France),Autre Europe,,583,199,14192.0,"374,3"
2021,Europe (hors France),Autriche,AUT,108,36,3510.0,"264,7"
2021,Europe (hors France),Belgique,BEL,521,125,15981.0,"428,6"
2021,Europe (hors France),Danemark,DNK,286,209,14478.0,"573,2"
2021,Europe (hors France),Espagne,ESP,420,71,9499.0,"425,5"
2021,Europe (hors France),Finlande,FIN,17,4,297.0,"75,6"
2021,Europe (hors France),Italie,ITA,527,53,11099.0,"392,6"
2021,Europe (hors France),Luxembourg,LUX,84,23,2074.0,"193,6"
2021,Europe (hors France),Norvège,NOR,27,17,1191.0,"233,9"
2021,Europe (hors France),Pays-Bas,NLD,98,41,3409.0,"379,8"
2021,Europe (hors France),Portugal,PRT,84,31,1529.0,"171,1"
2021,Europe (hors France),Royaume-Uni,GBR,516,181,12616.0,"381,4"
2021,Europe (hors France),Russie,RUS,20,14,704.0,"274,5"
2021,Europe (hors France),Suède,SWE,58,13,2223.0,"372,7"
2021,Europe (hors France),Suisse,CHE,688,147,20950.0,"330,7"
2021,France,France,FRA,34202,3968,1078020.0,"541,5"
2021,Pacifique,Australie,AUS,94,41,4630.0,411
2021,Pacifique,Autre Pacifique,,8,2,539.0,380
2021,Pacifique,Fidji,FJI,1,1,30.0,30
2021,Pacifique,Nouvelle-Calédonie,NCL,370,15,10600.0,"368,9"
2021,Pacifique,Nouvelle-Zélande,NZL,68,43,3319.0,657
2021,Proche et Moyen Orient,Proche et Moyen Orient,,81,8,1221.0,"175,3"
2020,Afrique,Afrique,,103,43,3335.0,"322,7"
2020,Amérique Centrale,Autre Amérique Centrale,,69,23,1262.0,"194,7"
2020,Amérique Centrale,Mexique,MEX,282,69,3396.0,"112,1"
2020,Amérique du Nord,Canada,CAN,2019,737,30599.0,"220,7"
2020,Amérique du Nord,Hawaii,USA,730,234,9097.0,"145,9"
2020,Amérique du Nord,USA,USA,31555,5048,326435.0,"98,6"
2020,Amérique du Sud,Argentine,ARG,249,36,3621.0,"141,9"
2020,Amérique du Sud,Autre Amérique du Sud,,89,15,1059.0,"114,8"
2020,Amérique du Sud,Brésil,BRA,236,19,3109.0,"109,7"
2020,Amérique du Sud,Chili,CHL,403,23,5309.0,"119,4"
2020,Asie,Autre Asie,,17,3,614.0,"342,6"
2020,Asie,Chine,CHN,638,7,5594.0,"137,1"
2020,Asie,Corée du Sud,KOR,146,7,1828.0,326
2020,Asie,Hong Kong,HKG,89,7,1043.0,"144,7"
2020,Asie,Inde,IND,86,6,564.0,"22,5"
2020,Asie,Indonésie,IDN,29,15,318.0,"35,6"
2020,Asie,Japon,JPN,1071,75,7678.0,"57,6"
2020,Asie,Malaisie,MYS,17,1,273.0,"44,8"
2020,Asie,Philippines,PHL,63,50,936.0,"156,6"
2020,Asie,Singapour,SGP,54,13,574.0,"130,9"
2020,Asie,Taïwan,TWN,93,7,824.0,"53,9"
2020,Asie,Thaïlande,THA,29,12,518.0,"87,6"
2020,Europe (hors France),Allemagne,DEU,1362,500,25507.0,238
2020,Europe (hors France),Autre Europe,,965,331,15576.0,"214,9"
2020,Europe (hors France),Autriche,AUT,164,45,3371.0,"243,7"
2020,Europe (hors France),Belgique,BEL,510,123,12874.0,"247,7"
2020,Europe (hors France),Danemark,DNK,208,111,8543.0,"490,7"
2020,Europe (hors France),Espagne,ESP,404,63,8045.0,"196,1"
2020,Europe (hors France),Finlande,FIN,61,10,885.0,"85,1"
2020,Europe (hors France),Italie,ITA,439,70,9487.0,"235,4"
2020,Europe (hors France),Luxembourg,LUX,89,20,2200.0,"273,4"
2020,Europe (hors France),Norvège,NOR,48,10,870.0,"178,6"
2020,Europe (hors France),Pays-Bas,NLD,248,55,6599.0,"304,1"
2020,Europe (hors France),Portugal,PRT,107,8,2224.0,249
2020,Europe (hors France),Royaume-Uni,GBR,1117,411,17459.0,"208,7"
2020,Europe (hors France),Russie,RUS,160,68,2301.0,"157,3"
2020,Europe (hors France),Suède,SWE,130,40,2164.0,"243,4"
2020,Europe (hors France),Suisse,CHE,769,159,19272.0,"264,5"
2020,France,France,FRA,28112,2862,799571.0,"271,4"
2020,Pacifique,Australie,AUS,1230,384,13147.0,"263,2"
2020,Pacifique,Autre Pacifique,,56,3,746.0,"62,2"
2020,Pacifique,Cook,COK,55,5,425.0,"20,6"
2020,Pacifique,Fidji,FJI,25,1,482.0,"166,7"
2020,Pacifique,Nouvelle-Calédonie,NCL,1356,40,23334.0,447
2020,Pacifique,Nouvelle-Zélande,NZL,1168,164,13001.0,222
2020,Pacifique,Samoa,WSM,15,0,195.0,"85,2"
2020,Pacifique,Tonga,TON,2,0,10.0,10
2020,Proche et Moyen Orient,Proche et Moyen Orient,,150,32,3009.0,221
2019,Afrique,Afrique,,336,67,6309.0,"244,1"
2019,Amérique Centrale,Autre Amérique Centrale,,273,104,3504.0,"154,7"
2019,Amérique Centrale,Mexique,MEX,961,153,10945.0,"136,3"
2019,Amérique du Nord,Canada,CAN,7958,3529,105941.0,"163,1"
2019,Amérique du Nord,Hawaii,USA,3536,850,38539.0,"130,7"
2019,Amérique du Nord,USA,USA,85225,21364,857229.0,121
2019,Amérique du Sud,Argentine,ARG,1073,144,14847.0,"168,1"
2019,Amérique du Sud,Autre Amérique du Sud,,580,140,7010.0,"142,8"
2019,Amérique du Sud,Brésil,BRA,1871,243,24930.0,159
2019,Amérique du Sud,Chili,CHL,2456,154,30808.0,"150,9"
2019,Asie,Autre Asie,,83,9,1126.0,146
2019,Asie,Chine,CHN,3345,194,30650.0,111
2019,Asie,Corée du Sud,KOR,1034,44,9623.0,"114,6"
2019,Asie,Hong Kong,HKG,415,65,4859.0,"134,4"
2019,Asie,Inde,IND,405,49,3431.0,106
2019,Asie,Indonésie,IDN,146,79,1809.0,"159,5"
2019,Asie,Japon,JPN,8176,504,59951.0,88
2019,Asie,Malaisie,MYS,137,34,1742.0,"145,6"
2019,Asie,Philippines,PHL,238,163,2223.0,"107,1"
2019,Asie,Singapour,SGP,404,48,4807.0,140
2019,Asie,Taïwan,TWN,571,28,5903.0,"122,7"
2019,Asie,Thaïlande,THA,200,57,2848.0,"169,5"
2019,Europe (hors France),Allemagne,DEU,5010,1803,73359.0,178
2019,Europe (hors France),Autre Europe,,2828,702,37662.0,"160,1"
2019,Europe (hors France),Autriche,AUT,818,336,12262.0,"182,4"
2019,Europe (hors France),Belgique,BEL,1502,351,28194.0,"218,5"
2019,Europe (hors France),Danemark,DNK,569,228,12638.0,"271,4"
2019,Europe (hors France),Espagne,ESP,2775,288,33808.0,"151,2"
2019,Europe (hors France),Finlande,FIN,184,13,2549.0,"163,5"
2019,Europe (hors France),Italie,ITA,8369,667,93642.0,"153,4"
2019,Europe (hors France),Luxembourg,LUX,235,48,4098.0,"191,6"
2019,Europe (hors France),Norvège,NOR,309,99,5298.0,"205,4"
2019,Europe (hors France),Pays-Bas,NLD,667,116,9859.0,"176,9"
2019,Europe (hors France),Portugal,PRT,316,44,4544.0,"179,2"
2019,Europe (hors France),Royaume-Uni,GBR,4424,1117,53420.0,"145,3"
2019,Europe (hors France),Russie,RUS,486,183,6641.0,184
2019,Europe (hors France),Suède,SWE,480,177,7820.0,194
2019,Europe (hors France),Suisse,CHE,3524,922,64504.0,"220,7"
2019,France,France,FRA,60382,5829,1540736.0,"308,3"
2019,Pacifique,Australie,AUS,8204,2663,99699.0,"144,5"
2019,Pacifique,Autre Pacifique,,313,11,4215.0,"173,9"
2019,Pacifique,Cook,COK,456,16,5605.0,"157,8"
2019,Pacifique,Fidji,FJI,75,2,819.0,"117,1"
2019,Pacifique,Nouvelle-Calédonie,NCL,6522,230,110907.0,"203,1"
2019,Pacifique,Nouvelle-Zélande,NZL,7960,1239,83942.0,"123,1"
2019,Pacifique,Samoa,WSM,46,2,392.0,"108,1"
2019,Pacifique,Tonga,TON,41,0,426.0,"75,1"
2019,Proche et Moyen Orient,Proche et Moyen Orient,,724,117,8781.0,"143,6"
2018,Afrique,Afrique,,377,83,7908.0,"247,7"
2018,Amérique Centrale,Autre Amérique Centrale,,254,89,2656.0,"128,6"
2018,Amérique Centrale,Mexique,MEX,930,267,10497.0,"137,9"
2018,Amérique du Nord,Canada,CAN,7846,3887,105314.0,"165,5"
2018,Amérique du Nord,Hawaii,USA,3244,762,36279.0,"131,9"
2018,Amérique du Nord,USA,USA,72383,21060,725305.0,"120,7"
2018,Amérique du Sud,Argentine,ARG,2067,162,28275.0,"169,1"
2018,Amérique du Sud,Autre Amérique du Sud,,519,153,6194.0,"141,2"
2018,Amérique du Sud,Brésil,BRA,1788,247,21182.0,"146,5"
2018,Amérique du Sud,Chili,CHL,2018,151,24620.0,"144,3"
2018,Asie,Autre Asie,,101,45,1463.0,"165,3"
2018,Asie,Chine,CHN,5055,225,44205.0,108
2018,Asie,Corée du Sud,KOR,1051,49,8934.0,"103,9"
2018,Asie,Hong Kong,HKG,368,80,4555.0,"153,9"
2018,Asie,Inde,IND,403,37,2930.0,"90,3"
2018,Asie,Indonésie,IDN,167,92,4231.0,"297,3"
2018,Asie,Japon,JPN,9912,445,71933.0,"87,8"
2018,Asie,Malaisie,MYS,111,28,1435.0,170
2018,Asie,Philippines,PHL,201,133,1784.0,"109,1"
2018,Asie,Singapour,SGP,335,55,3601.0,"126,5"
2018,Asie,Taïwan,TWN,519,68,5275.0,117
2018,Asie,Thaïlande,THA,243,52,3874.0,"190,9"
2018,Europe (hors France),Allemagne,DEU,4539,1563,70416.0,"189,3"
2018,Europe (hors France),Autre Europe,,2454,523,31539.0,"154,9"
2018,Europe (hors France),Autriche,AUT,775,317,12850.0,"197,8"
2018,Europe (hors France),Belgique,BEL,1243,292,24885.0,"256,3"
2018,Europe (hors France),Danemark,DNK,509,199,12969.0,"308,5"
2018,Europe (hors France),Espagne,ESP,2530,230,29603.0,"143,7"
2018,Europe (hors France),Finlande,FIN,221,31,2508.0,"141,7"
2018,Europe (hors France),Italie,ITA,8802,598,97309.0,"147,7"
2018,Europe (hors France),Luxembourg,LUX,271,61,4522.0,"188,7"
2018,Europe (hors France),Norvège,NOR,292,92,4396.0,"178,6"
2018,Europe (hors France),Pays-Bas,NLD,706,166,12215.0,"218,4"
2018,Europe (hors France),Portugal,PRT,267,42,3965.0,"178,5"
2018,Europe (hors France),Royaume-Uni,GBR,4382,1162,52128.0,"142,7"
2018,Europe (hors France),Russie,RUS,526,214,6541.0,"152,7"
2018,Europe (hors France),Suède,SWE,489,128,6495.0,"159,9"
2018,Europe (hors France),Suisse,CHE,3406,968,64170.0,"225,6"
2018,France,France,FRA,49272,4539,1282957.0,"320,1"
2018,Pacifique,Australie,AUS,9335,2617,109736.0,"140,1"
2018,Pacifique,Autre Pacifique,,628,28,9309.0,"169,1"
2018,Pacifique,Cook,COK,243,14,2583.0,"123,7"
2018,Pacifique,Fidji,FJI,109,1,1606.0,"144,5"
2018,Pacifique,Nouvelle-Calédonie,NCL,5684,195,94060.0,"195,2"
2018,Pacifique,Nouvelle-Zélande,NZL,8947,1370,99330.0,"126,7"
2018,Pacifique,Samoa,WSM,58,1,1690.0,"169,7"
2018,Pacifique,Tonga,TON,43,0,459.0,"137,1"
2018,Proche et Moyen Orient,Proche et Moyen Orient,,645,110,7688.0,"141,9"
2017,Afrique,Afrique,,299,59,5891.0,"219,9"
2017,Amérique Centrale,Autre Amérique Centrale,,206,36,2232.0,123
2017,Amérique Centrale,Mexique,MEX,765,164,7992.0,"123,5"
2017,Amérique du Nord,Canada,CAN,6372,2601,82201.0,"158,8"
2017,Amérique du Nord,Hawaii,USA,2837,536,30906.0,"129,9"
2017,Amérique du Nord,USA,USA,65359,15364,630093.0,"115,8"
2017,Amérique du Sud,Argentine,ARG,2121,213,27359.0,"153,9"
2017,Amérique du Sud,Autre Amérique du Sud,,587,105,7313.0,"153,8"
2017,Amérique du Sud,Brésil,BRA,1997,178,22561.0,"134,7"
2017,Amérique du Sud,Chili,CHL,1958,160,23414.0,"143,6"
2017,Asie,Autre Asie,,64,10,1534.0,"265,8"
2017,Asie,Chine,CHN,5430,216,48440.0,"111,4"
2017,Asie,Corée du Sud,KOR,1075,44,9439.0,"104,1"
2017,Asie,Hong Kong,HKG,370,38,3803.0,"122,8"
2017,Asie,Inde,IND,583,28,4119.0,"91,9"
2017,Asie,Indonésie,IDN,133,69,1573.0,"132,6"
2017,Asie,Japon,JPN,12808,494,87484.0,"82,7"
2017,Asie,Malaisie,MYS,137,13,2262.0,"216,2"
2017,Asie,Philippines,PHL,176,123,1725.0,"111,3"
2017,Asie,Singapour,SGP,321,30,3741.0,"135,3"
2017,Asie,Taïwan,TWN,579,39,5822.0,"116,1"
2017,Asie,Thaïlande,THA,215,33,3664.0,"225,3"
2017,Europe (hors France),Allemagne,DEU,3881,1249,64684.0,"201,2"
2017,Europe (hors France),Autre Europe,,1910,396,25267.0,159
2017,Europe (hors France),Autriche,AUT,601,243,9421.0,"190,2"
2017,Europe (hors France),Belgique,BEL,1092,241,21978.0,"239,4"
2017,Europe (hors France),Danemark,DNK,318,74,6121.0,"217,8"
2017,Europe (hors France),Espagne,ESP,2459,192,27034.0,"139,6"
2017,Europe (hors France),Finlande,FIN,165,25,2449.0,"181,6"
2017,Europe (hors France),Italie,ITA,7720,596,83327.0,"141,9"
2017,Europe (hors France),Luxembourg,LUX,133,23,2341.0,"224,5"
2017,Europe (hors France),Norvège,NOR,264,78,3592.0,"175,5"
2017,Europe (hors France),Pays-Bas,NLD,557,97,8602.0,183
2017,Europe (hors France),Portugal,PRT,296,50,3551.0,145
2017,Europe (hors France),Royaume-Uni,GBR,3768,993,44224.0,"140,9"
2017,Europe (hors France),Russie,RUS,472,130,5728.0,145
2017,Europe (hors France),Suède,SWE,356,97,4789.0,"168,8"
2017,Europe (hors France),Suisse,CHE,3054,803,58724.0,"226,9"
2017,France,France,FRA,41685,3749,1096625.0,"322,8"
2017,Pacifique,Australie,AUS,10015,2546,109817.0,"131,2"
2017,Pacifique,Autre Pacifique,,441,13,6991.0,"202,3"
2017,Pacifique,Cook,COK,354,88,3692.0,"112,1"
2017,Pacifique,Fidji,FJI,129,12,1726.0,"144,8"
2017,Pacifique,Nouvelle-Calédonie,NCL,4815,169,79724.0,"196,1"
2017,Pacifique,Nouvelle-Zélande,NZL,9392,1179,95532.0,"119,8"
2017,Pacifique,Samoa,WSM,71,3,1194.0,"177,4"
2017,Pacifique,Tonga,TON,25,0,276.0,"62,4"
2017,Proche et Moyen Orient,Proche et Moyen Orient,,594,51,6985.0,"141,7"
2016,Afrique,Afrique,,302,57,5513.0,"234,1"
2016,Amérique Centrale,Autre Amérique Centrale,,178,39,2188.0,"151,8"
2016,Amérique Centrale,Mexique,MEX,874,231,9268.0,129
2016,Amérique du Nord,Canada,CAN,6326,2810,80224.0,"156,1"
2016,Amérique du Nord,Hawaii,USA,2049,609,22933.0,"134,6"
2016,Amérique du Nord,USA,USA,65846,16856,629200.0,"114,7"
2016,Amérique du Sud,Argentine,ARG,2556,253,33299.0,"153,8"
2016,Amérique du Sud,Autre Amérique du Sud,,733,158,8661.0,142
2016,Amérique du Sud,Brésil,BRA,1516,221,16553.0,"132,9"
2016,Amérique du Sud,Chili,CHL,2027,233,23046.0,"134,5"
2016,Asie,Autre Asie,,82,18,1516.0,"272,4"
2016,Asie,Chine,CHN,5987,270,49281.0,"102,1"
2016,Asie,Corée du Sud,KOR,1170,44,9842.0,"102,5"
2016,Asie,Hong Kong,HKG,359,40,3593.0,"119,6"
2016,Asie,Inde,IND,637,33,4674.0,"86,4"
2016,Asie,Indonésie,IDN,214,156,3198.0,"259,9"
2016,Asie,Japon,JPN,12174,595,88094.0,"87,1"
2016,Asie,Malaisie,MYS,139,7,2268.0,"219,5"
2016,Asie,Philippines,PHL,163,115,1723.0,"145,5"
2016,Asie,Singapour,SGP,287,49,3108.0,"130,9"
2016,Asie,Taïwan,TWN,510,64,5416.0,"129,1"
2016,Asie,Thaïlande,THA,227,83,3017.0,"165,3"
2016,Europe (hors France),Allemagne,DEU,3951,1233,58346.0,"180,3"
2016,Europe (hors France),Autre Europe,,1513,291,19087.0,"153,2"
2016,Europe (hors France),Autriche,AUT,622,198,10040.0,"190,4"
2016,Europe (hors France),Belgique,BEL,991,252,20528.0,"257,5"
2016,Europe (hors France),Danemark,DNK,282,82,4705.0,"195,5"
2016,Europe (hors France),Espagne,ESP,2414,166,25457.0,"139,2"
2016,Europe (hors France),Finlande,FIN,149,47,2069.0,"159,4"
2016,Europe (hors France),Italie,ITA,7888,600,87237.0,"148,3"
2016,Europe (hors France),Luxembourg,LUX,171,35,2799.0,"202,7"
2016,Europe (hors France),Norvège,NOR,230,94,3031.0,151
2016,Europe (hors France),Pays-Bas,NLD,455,76,6678.0,167
2016,Europe (hors France),Portugal,PRT,254,22,3101.0,"156,6"
2016,Europe (hors France),Royaume-Uni,GBR,3980,904,47503.0,142
2016,Europe (hors France),Russie,RUS,392,78,4752.0,150
2016,Europe (hors France),Suède,SWE,395,88,5560.0,"173,2"
2016,Europe (hors France),Suisse,CHE,2831,668,52810.0,"222,9"
2016,France,France,FRA,39086,3958,1026652.0,321
2016,Pacifique,Australie,AUS,9757,2426,108506.0,"132,7"
2016,Pacifique,Autre Pacifique,,237,6,3319.0,"180,8"
2016,Pacifique,Cook,COK,328,101,3443.0,"130,9"
2016,Pacifique,Fidji,FJI,94,10,1239.0,"167,4"
2016,Pacifique,Nouvelle-Calédonie,NCL,4206,252,73526.0,"202,8"
2016,Pacifique,Nouvelle-Zélande,NZL,7221,1277,73456.0,"118,3"
2016,Pacifique,Samoa,WSM,58,3,394.0,"78,6"
2016,Pacifique,Tonga,TON,31,0,300.0,"68,5"
2016,Proche et Moyen Orient,Proche et Moyen Orient,,603,79,6202.0,"122,7"
2015,Afrique,Afrique,,255,60,5697.0,"268,7"
2015,Amérique Centrale,Autre Amérique Centrale,,46,17,475.0,"131,9"
2015,Amérique Centrale,Mexique,MEX,1061,302,10580.0,"119,9"
2015,Amérique du Nord,Canada,CAN,8402,4311,103910.0,"153,9"
2015,Amérique du Nord,Hawaii,USA,2074,548,23903.0,"137,4"
2015,Amérique du Nord,USA,USA,61831,18139,618649.0,"120,3"
2015,Amérique du Sud,Argentine,ARG,974,168,13215.0,"164,8"
2015,Amérique du Sud,Autre Amérique du Sud,,566,175,6753.0,"143,7"
2015,Amérique du Sud,Brésil,BRA,2357,253,26972.0,"135,1"
2015,Amérique du Sud,Chili,CHL,1731,138,20621.0,146
2015,Asie,Autre Asie,,27,12,501.0,"155,8"
2015,Asie,Chine,CHN,5555,267,49458.0,107
2015,Asie,Corée du Sud,KOR,1020,19,8760.0,"106,2"
2015,Asie,Hong Kong,HKG,469,82,5171.0,"132,8"
2015,Asie,Inde,IND,541,32,4189.0,"100,6"
2015,Asie,Indonésie,IDN,127,67,1891.0,193
2015,Asie,Japon,JPN,11447,272,84604.0,"88,9"
2015,Asie,Malaisie,MYS,166,28,1720.0,"144,2"
2015,Asie,Philippines,PHL,220,160,2213.0,"120,3"
2015,Asie,Singapour,SGP,310,40,3735.0,"136,7"
2015,Asie,Taïwan,TWN,446,23,4780.0,"131,2"
2015,Asie,Thaïlande,THA,154,20,3929.0,334
2015,Europe (hors France),Allemagne,DEU,3538,1045,56357.0,"191,1"
2015,Europe (hors France),Autre Europe,,1286,294,18693.0,176
2015,Europe (hors France),Autriche,AUT,599,173,9664.0,"193,1"
2015,Europe (hors France),Belgique,BEL,923,241,18043.0,"238,5"
2015,Europe (hors France),Danemark,DNK,227,57,3528.0,205
2015,Europe (hors France),Espagne,ESP,2608,165,26735.0,"131,6"
2015,Europe (hors France),Finlande,FIN,38,13,290.0,"48,8"
2015,Europe (hors France),Italie,ITA,7993,428,98216.0,159
2015,Europe (hors France),Luxembourg,LUX,153,56,2576.0,"206,9"
2015,Europe (hors France),Norvège,NOR,242,75,3817.0,"183,5"
2015,Europe (hors France),Pays-Bas,NLD,467,79,6800.0,"166,3"
2015,Europe (hors France),Portugal,PRT,249,30,3757.0,"185,9"
2015,Europe (hors France),Royaume-Uni,GBR,4711,1261,58046.0,148
2015,Europe (hors France),Russie,RUS,448,94,5746.0,"151,3"
2015,Europe (hors France),Suède,SWE,443,134,6196.0,"174,1"
2015,Europe (hors France),Suisse,CHE,2845,597,54703.0,"232,7"
2015,France,France,FRA,35765,3187,975433.0,"332,2"
2015,Pacifique,Australie,AUS,9167,2023,106092.0,"137,4"
2015,Pacifique,Autre Pacifique,,37,3,592.0,"167,5"
2015,Pacifique,Cook,COK,299,10,5097.0,"196,8"
2015,Pacifique,Fidji,FJI,102,1,903.0,"102,2"
2015,Pacifique,Nouvelle-Calédonie,NCL,4185,127,72850.0,"202,4"
2015,Pacifique,Nouvelle-Zélande,NZL,7315,913,76695.0,124
2015,Pacifique,Samoa,WSM,85,2,833.0,"111,8"
2015,Pacifique,Tonga,TON,4,0,21.0,"12,3"
2015,Proche et Moyen Orient,Proche et Moyen Orient,,323,39,4811.0,"165,3"
2014,Afrique,Afrique,,286,63,5747.0,"255,2"
2014,Amérique Centrale,Autre Amérique Centrale,,50,16,603.0,"84,8"
2014,Amérique Centrale,Mexique,MEX,1010,287,12266.0,"151,3"
2014,Amérique du Nord,Canada,CAN,9270,4970,119213.0,"156,6"
2014,Amérique du Nord,Hawaii,USA,2187,488,27769.0,"145,2"
2014,Amérique du Nord,USA,USA,60076,19201,629259.0,"125,6"
2014,Amérique du Sud,Argentine,ARG,840,210,11996.0,"166,1"
2014,Amérique du Sud,Autre Amérique du Sud,,519,149,6102.0,"139,8"
2014,Amérique du Sud,Brésil,BRA,2767,463,33293.0,"144,8"
2014,Amérique du Sud,Chili,CHL,1421,147,17147.0,"145,7"
2014,Asie,Autre Asie,,27,4,470.0,"241,6"
2014,Asie,Chine,CHN,3268,223,29488.0,"109,5"
2014,Asie,Corée du Sud,KOR,746,64,6228.0,"103,8"
2014,Asie,Hong Kong,HKG,453,60,5505.0,"146,3"
2014,Asie,Inde,IND,422,31,3852.0,"123,4"
2014,Asie,Indonésie,IDN,84,28,1215.0,"213,2"
2014,Asie,Japon,JPN,12527,461,86121.0,"82,4"
2014,Asie,Malaisie,MYS,108,24,977.0,"111,7"
2014,Asie,Philippines,PHL,148,62,1682.0,"139,6"
2014,Asie,Singapour,SGP,318,45,3773.0,"138,9"
2014,Asie,Taïwan,TWN,144,13,1335.0,"75,5"
2014,Asie,Thaïlande,THA,43,4,515.0,"78,6"
2014,Europe (hors France),Allemagne,DEU,4028,1411,62292.0,"186,1"
2014,Europe (hors France),Autre Europe,,1053,212,14724.0,164
2014,Europe (hors France),Autriche,AUT,740,266,10857.0,173
2014,Europe (hors France),Belgique,BEL,997,250,21029.0,"252,6"
2014,Europe (hors France),Danemark,DNK,216,68,4379.0,"241,8"
2014,Europe (hors France),Espagne,ESP,2782,189,28635.0,129
2014,Europe (hors France),Finlande,FIN,73,17,851.0,"51,3"
2014,Europe (hors France),Italie,ITA,7887,519,104907.0,"178,4"
2014,Europe (hors France),Luxembourg,LUX,137,26,2218.0,"196,5"
2014,Europe (hors France),Norvège,NOR,218,42,2677.0,"147,7"
2014,Europe (hors France),Pays-Bas,NLD,367,46,5009.0,"166,4"
2014,Europe (hors France),Portugal,PRT,209,27,3192.0,205
2014,Europe (hors France),Royaume-Uni,GBR,4834,1355,57746.0,"143,7"
2014,Europe (hors France),Russie,RUS,640,146,8684.0,"171,9"
2014,Europe (hors France),Suède,SWE,446,167,5915.0,"163,7"
2014,Europe (hors France),Suisse,CHE,2911,775,55127.0,"228,1"
2014,France,France,FRA,34887,3104,977605.0,"341,2"
2014,Pacifique,Australie,AUS,9315,1902,103586.0,"133,1"
2014,Pacifique,Autre Pacifique,,93,7,1451.0,"142,7"
2014,Pacifique,Cook,COK,191,13,2469.0,"166,2"
2014,Pacifique,Fidji,FJI,124,9,1663.0,"172,1"
2014,Pacifique,Nouvelle-Calédonie,NCL,4111,201,72611.0,"210,1"
2014,Pacifique,Nouvelle-Zélande,NZL,7136,844,74619.0,"124,7"
2014,Pacifique,Samoa,WSM,104,7,889.0,"91,4"
2014,Pacifique,Tonga,TON,18,1,210.0,"42,2"
2014,Proche et Moyen Orient,Proche et Moyen Orient,,371,64,4879.0,"165,2"
2013,Afrique,Afrique,,309,46,4715.0,"177,4"
2013,Amérique Centrale,Autre Amérique Centrale,,94,29,983.0,"114,8"
2013,Amérique Centrale,Mexique,MEX,884,194,9202.0,"130,3"
2013,Amérique du Nord,Canada,CAN,7206,2974,89888.0,150
2013,Amérique du Nord,Hawaii,USA,1883,436,23008.0,"144,1"
2013,Amérique du Nord,USA,USA,51750,12198,514729.0,119
2013,Amérique du Sud,Argentine,ARG,1087,228,14930.0,"167,6"
2013,Amérique du Sud,Autre Amérique du Sud,,716,123,8741.0,"143,3"
2013,Amérique du Sud,Brésil,BRA,3064,437,32673.0,"128,8"
2013,Amérique du Sud,Chili,CHL,1624,170,19288.0,"142,9"
2013,Asie,Autre Asie,,57,1,1641.0,"201,4"
2013,Asie,Chine,CHN,1876,127,17737.0,"115,1"
2013,Asie,Corée du Sud,KOR,568,26,4101.0,"88,9"
2013,Asie,Hong Kong,HKG,240,19,2646.0,140
2013,Asie,Inde,IND,521,28,5448.0,"165,6"
2013,Asie,Indonésie,IDN,98,10,1418.0,"210,9"
2013,Asie,Japon,JPN,13175,281,85883.0,"78,2"
2013,Asie,Malaisie,MYS,120,14,1888.0,"210,3"
2013,Asie,Philippines,PHL,131,69,1450.0,128
2013,Asie,Singapour,SGP,257,36,4369.0,"182,2"
2013,Asie,Taïwan,TWN,260,11,2334.0,"108,4"
2013,Asie,Thaïlande,THA,81,4,1425.0,144
2013,Europe (hors France),Allemagne,DEU,3477,1037,51078.0,"181,2"
2013,Europe (hors France),Autre Europe,,1341,225,17245.0,"158,4"
2013,Europe (hors France),Autriche,AUT,577,179,8588.0,"184,4"
2013,Europe (hors France),Belgique,BEL,858,178,16405.0,"228,3"
2013,Europe (hors France),Danemark,DNK,156,23,2323.0,"174,6"
2013,Europe (hors France),Espagne,ESP,2426,173,26542.0,"147,7"
2013,Europe (hors France),Finlande,FIN,89,11,1690.0,"137,8"
2013,Europe (hors France),Italie,ITA,8103,450,94934.0,"157,1"
2013,Europe (hors France),Luxembourg,LUX,60,19,924.0,"147,7"
2013,Europe (hors France),Norvège,NOR,296,120,3819.0,"158,3"
2013,Europe (hors France),Pays-Bas,NLD,454,46,5849.0,"154,7"
2013,Europe (hors France),Portugal,PRT,224,17,3599.0,"189,1"
2013,Europe (hors France),Royaume-Uni,GBR,3255,778,38785.0,"141,1"
2013,Europe (hors France),Russie,RUS,847,153,12268.0,"173,2"
2013,Europe (hors France),Suède,SWE,273,58,4529.0,"177,6"
2013,Europe (hors France),Suisse,CHE,2663,523,47997.0,"215,1"
2013,France,France,FRA,32946,2992,880944.0,"325,8"
2013,Pacifique,Australie,AUS,9167,1464,100828.0,132
2013,Pacifique,Autre Pacifique,,241,18,3496.0,"158,4"
2013,Pacifique,Cook,COK,212,4,2783.0,"167,6"
2013,Pacifique,Fidji,FJI,88,1,1015.0,"177,5"
2013,Pacifique,Nouvelle-Calédonie,NCL,3826,197,64696.0,"192,8"
2013,Pacifique,Nouvelle-Zélande,NZL,6477,893,66644.0,"120,4"
2013,Pacifique,Samoa,WSM,39,2,1853.0,"204,5"
2013,Pacifique,Tonga,TON,21,0,138.0,"24,5"
2013,Proche et Moyen Orient,Proche et Moyen Orient,,276,22,3654.0,"163,5"
2012,Afrique,Afrique,,288,48,5238.0,207
2012,Amérique Centrale,Autre Amérique Centrale,,175,46,1920.0,"124,2"
2012,Amérique Centrale,Mexique,MEX,1067,194,10642.0,"122,1"
2012,Amérique du Nord,Canada,CAN,7034,2806,86936.0,"150,6"
2012,Amérique du Nord,Hawaii,USA,1837,324,23956.0,"152,4"
2012,Amérique du Nord,USA,USA,51004,11411,499287.0,"117,5"
2012,Amérique du Sud,Argentine,ARG,1264,136,16649.0,"156,6"
2012,Amérique du Sud,Autre Amérique du Sud,,699,95,7801.0,"133,5"
2012,Amérique du Sud,Brésil,BRA,2787,188,30054.0,"130,2"
2012,Amérique du Sud,Chili,CHL,1328,52,14937.0,"130,1"
2012,Asie,Autre Asie,,37,4,971.0,"217,2"
2012,Asie,Chine,CHN,1183,78,10978.0,116
2012,Asie,Corée du Sud,KOR,682,18,5696.0,100
2012,Asie,Hong Kong,HKG,301,29,3478.0,138
2012,Asie,Inde,IND,460,18,3969.0,"138,3"
2012,Asie,Indonésie,IDN,65,18,2171.0,"389,1"
2012,Asie,Japon,JPN,12989,264,86552.0,"80,1"
2012,Asie,Malaisie,MYS,134,31,2030.0,"203,8"
2012,Asie,Philippines,PHL,91,34,1293.0,"161,1"
2012,Asie,Singapour,SGP,244,37,2468.0,"120,9"
2012,Asie,Taïwan,TWN,239,32,2515.0,"153,4"
2012,Asie,Thaïlande,THA,80,6,1750.0,"251,9"
2012,Europe (hors France),Allemagne,DEU,3552,946,52577.0,"178,8"
2012,Europe (hors France),Autre Europe,,1795,296,22435.0,"151,3"
2012,Europe (hors France),Autriche,AUT,619,170,9294.0,"181,3"
2012,Europe (hors France),Belgique,BEL,882,201,17845.0,"253,9"
2012,Europe (hors France),Danemark,DNK,197,52,3449.0,"206,3"
2012,Europe (hors France),Espagne,ESP,3004,189,29869.0,"124,8"
2012,Europe (hors France),Finlande,FIN,194,27,1850.0,"111,1"
2012,Europe (hors France),Italie,ITA,9409,524,103466.0,"143,6"
2012,Europe (hors France),Luxembourg,LUX,135,29,2060.0,"184,7"
2012,Europe (hors France),Norvège,NOR,244,68,4155.0,"204,3"
2012,Europe (hors France),Pays-Bas,NLD,432,40,6159.0,"170,8"
2012,Europe (hors France),Portugal,PRT,251,27,3120.0,"159,9"
2012,Europe (hors France),Royaume-Uni,GBR,2617,597,30288.0,"137,7"
2012,Europe (hors France),Russie,RUS,587,96,7499.0,"151,9"
2012,Europe (hors France),Suède,SWE,286,61,3573.0,151
2012,Europe (hors France),Suisse,CHE,2559,584,47100.0,"221,1"
2012,France,France,FRA,35898,2996,956527.0,"323,6"
2012,Pacifique,Australie,AUS,10224,1498,108364.0,"126,6"
2012,Pacifique,Autre Pacifique,,306,16,5777.0,"227,1"
2012,Pacifique,Cook,COK,215,9,2715.0,"155,3"
2012,Pacifique,Fidji,FJI,92,2,1005.0,"133,9"
2012,Pacifique,Nouvelle-Calédonie,NCL,4022,134,64395.0,"187,6"
2012,Pacifique,Nouvelle-Zélande,NZL,7166,821,68155.0,"115,1"
2012,Pacifique,Samoa,WSM,24,3,326.0,"123,3"
2012,Pacifique,Tonga,TON,12,0,140.0,"77,3"
2012,Proche et Moyen Orient,Proche et Moyen Orient,,268,41,3477.0,"154,8"
2011,Afrique,Afrique,,272,60,5171.0,221
2011,Amérique Centrale,Autre Amérique Centrale,,137,25,1385.0,"117,6"
2011,Amérique Centrale,Mexique,MEX,1033,171,9206.0,"112,9"
2011,Amérique du Nord,Canada,CAN,7458,3136,88141.0,"143,9"
2011,Amérique du Nord,Hawaii,USA,1672,273,20536.0,"145,6"
2011,Amérique du Nord,USA,USA,47710,11592,460436.0,"115,6"
2011,Amérique du Sud,Argentine,ARG,1098,120,13683.0,"148,4"
2011,Amérique du Sud,Autre Amérique du Sud,,578,130,6203.0,130
2011,Amérique du Sud,Brésil,BRA,2530,184,26337.0,127
2011,Amérique du Sud,Chili,CHL,1328,61,14967.0,"137,7"
2011,Asie,Autre Asie,,77,15,2019.0,"232,1"
2011,Asie,Chine,CHN,978,75,9164.0,115
2011,Asie,Corée du Sud,KOR,506,9,4667.0,"103,3"
2011,Asie,Hong Kong,HKG,214,36,2451.0,107
2011,Asie,Inde,IND,432,11,3105.0,"87,8"
2011,Asie,Indonésie,IDN,86,15,1171.0,"171,9"
2011,Asie,Japon,JPN,12990,255,85537.0,"79,4"
2011,Asie,Malaisie,MYS,72,7,1083.0,143
2011,Asie,Philippines,PHL,121,73,1206.0,"126,4"
2011,Asie,Singapour,SGP,200,22,1898.0,"109,4"
2011,Asie,Taïwan,TWN,158,11,1943.0,"140,1"
2011,Asie,Thaïlande,THA,137,27,2304.0,"243,7"
2011,Europe (hors France),Allemagne,DEU,3604,1208,49204.0,"168,5"
2011,Europe (hors France),Autre Europe,,1914,503,24396.0,"159,2"
2011,Europe (hors France),Autriche,AUT,688,216,9604.0,"168,1"
2011,Europe (hors France),Belgique,BEL,852,163,15898.0,"226,7"
2011,Europe (hors France),Danemark,DNK,162,47,2314.0,"171,8"
2011,Europe (hors France),Espagne,ESP,3475,226,34498.0,"125,2"
2011,Europe (hors France),Finlande,FIN,205,29,2341.0,"133,2"
2011,Europe (hors France),Italie,ITA,10471,726,117760.0,"149,9"
2011,Europe (hors France),Luxembourg,LUX,109,21,1958.0,259
2011,Europe (hors France),Norvège,NOR,201,44,2779.0,"171,4"
2011,Europe (hors France),Pays-Bas,NLD,487,62,6340.0,"161,6"
2011,Europe (hors France),Portugal,PRT,374,69,4164.0,172
2011,Europe (hors France),Royaume-Uni,GBR,2671,732,28418.0,"128,7"
2011,Europe (hors France),Russie,RUS,699,152,8762.0,"148,2"
2011,Europe (hors France),Suède,SWE,283,53,3854.0,"164,8"
2011,Europe (hors France),Suisse,CHE,2242,485,39206.0,"207,8"
2011,France,France,FRA,35835,2915,946675.0,"318,4"
2011,Pacifique,Australie,AUS,8236,1394,88400.0,128
2011,Pacifique,Autre Pacifique,,350,12,5406.0,"202,9"
2011,Pacifique,Cook,COK,284,15,3183.0,"132,6"
2011,Pacifique,Fidji,FJI,139,4,1777.0,"171,2"
2011,Pacifique,Nouvelle-Calédonie,NCL,3946,159,62938.0,"180,4"
2011,Pacifique,Nouvelle-Zélande,NZL,5484,770,53681.0,"117,9"
2011,Pacifique,Samoa,WSM,54,1,1029.0,"202,2"
2011,Pacifique,Tonga,TON,23,0,190.0,"79,5"
2011,Proche et Moyen Orient,Proche et Moyen Orient,,201,30,2691.0,164
2010,Afrique,Afrique,,275,51,5868.0,"231,7"
2010,Amérique Centrale,Autre Amérique Centrale,,134,39,1582.0,"150,3"
2010,Amérique Centrale,Mexique,MEX,814,249,8992.0,"122,9"
2010,Amérique du Nord,Canada,CAN,5468,2229,67846.0,"149,8"
2010,Amérique du Nord,Hawaii,USA,1620,291,19443.0,"146,9"
2010,Amérique du Nord,USA,USA,39394,10198,395188.0,"120,1"
2010,Amérique du Sud,Argentine,ARG,1253,202,14430.0,"139,2"
2010,Amérique du Sud,Autre Amérique du Sud,,440,91,5361.0,150
2010,Amérique du Sud,Brésil,BRA,2360,297,27606.0,"138,1"
2010,Amérique du Sud,Chili,CHL,1849,235,18556.0,"117,8"
2010,Asie,Autre Asie,,56,2,1169.0,"362,7"
2010,Asie,Chine,CHN,1143,104,10923.0,"121,9"
2010,Asie,Corée du Sud,KOR,686,27,4459.0,"77,8"
2010,Asie,Hong Kong,HKG,1,0,1.0,1
2010,Asie,Inde,IND,318,12,2501.0,"102,2"
2010,Asie,Indonésie,IDN,98,23,1696.0,"260,6"
2010,Asie,Japon,JPN,13761,243,85818.0,"75,1"
2010,Asie,Malaisie,MYS,104,10,1180.0,"134,6"
2010,Asie,Philippines,PHL,176,100,1414.0,"109,9"
2010,Asie,Singapour,SGP,200,27,2320.0,"138,2"
2010,Asie,Taïwan,TWN,91,1,824.0,"122,3"
2010,Asie,Thaïlande,THA,81,8,1269.0,"168,8"
2010,Europe (hors France),Allemagne,DEU,4256,1678,57119.0,"171,5"
2010,Europe (hors France),Autre Europe,,1653,272,21172.0,"156,4"
2010,Europe (hors France),Autriche,AUT,757,305,10872.0,"176,8"
2010,Europe (hors France),Belgique,BEL,796,176,15682.0,"244,8"
2010,Europe (hors France),Danemark,DNK,236,64,3748.0,185
2010,Europe (hors France),Espagne,ESP,4104,271,39447.0,"123,4"
2010,Europe (hors France),Finlande,FIN,232,29,2807.0,"165,8"
2010,Europe (hors France),Italie,ITA,11208,978,126849.0,"146,1"
2010,Europe (hors France),Luxembourg,LUX,198,78,3071.0,193
2010,Europe (hors France),Norvège,NOR,158,42,2308.0,"176,8"
2010,Europe (hors France),Pays-Bas,NLD,565,86,7656.0,"160,4"
2010,Europe (hors France),Portugal,PRT,311,22,3139.0,"142,4"
2010,Europe (hors France),Royaume-Uni,GBR,2840,642,31034.0,"129,7"
2010,Europe (hors France),Russie,RUS,519,95,6133.0,"139,8"
2010,Europe (hors France),Suède,SWE,324,106,4195.0,"157,2"
2010,Europe (hors France),Suisse,CHE,1860,417,33199.0,"212,5"
2010,France,France,FRA,36544,2959,920660.0,"303,3"
2010,Pacifique,Australie,AUS,6945,1266,74142.0,"127,3"
2010,Pacifique,Autre Pacifique,,342,9,5539.0,"195,4"
2010,Pacifique,Cook,COK,265,18,2999.0,"128,9"
2010,Pacifique,Fidji,FJI,108,4,1312.0,"152,1"
2010,Pacifique,Nouvelle-Calédonie,NCL,3940,111,60058.0,"176,9"
2010,Pacifique,Nouvelle-Zélande,NZL,5128,613,49768.0,"115,9"
2010,Pacifique,Samoa,WSM,72,0,1503.0,"149,1"
2010,Pacifique,Tonga,TON,5,0,53.0,"45,5"
2010,Proche et Moyen Orient,Proche et Moyen Orient,,231,24,3353.0,"173,9"
2009,Afrique,Afrique,,278,52,4321.0,"182,2"
2009,Amérique Centrale,Autre Amérique Centrale,,135,30,1650.0,126
2009,Amérique Centrale,Mexique,MEX,745,234,7439.0,"122,2"
2009,Amérique du Nord,Canada,CAN,4265,1795,52840.0,"148,7"
2009,Amérique du Nord,Hawaii,USA,1638,261,18544.0,"135,8"
2009,Amérique du Nord,USA,USA,39134,14911,395485.0,"120,7"
2009,Amérique du Sud,Argentine,ARG,1433,379,16997.0,"142,4"
2009,Amérique du Sud,Autre Amérique du Sud,,605,102,6367.0,"125,3"
2009,Amérique du Sud,Brésil,BRA,2047,225,23186.0,"137,5"
2009,Amérique du Sud,Chili,CHL,1706,185,16704.0,"116,9"
2009,Asie,Autre Asie,,79,10,1200.0,"167,8"
2009,Asie,Chine,CHN,543,35,5021.0,"117,8"
2009,Asie,Corée du Sud,KOR,765,32,4680.0,"73,3"
2009,Asie,Hong Kong,HKG,99,20,881.0,"71,3"
2009,Asie,Inde,IND,289,27,2291.0,"92,4"
2009,Asie,Indonésie,IDN,128,29,2450.0,"218,6"
2009,Asie,Japon,JPN,16353,294,102346.0,"75,4"
2009,Asie,Malaisie,MYS,62,3,1005.0,"170,8"
2009,Asie,Philippines,PHL,187,106,2029.0,"133,2"
2009,Asie,Singapour,SGP,191,13,2121.0,129
2009,Asie,Taïwan,TWN,188,15,1598.0,"96,4"
2009,Asie,Thaïlande,THA,106,15,3462.0,"387,4"
2009,Europe (hors France),Allemagne,DEU,4346,1678,60118.0,"167,5"
2009,Europe (hors France),Autre Europe,,2347,538,27937.0,"143,2"
2009,Europe (hors France),Autriche,AUT,999,441,12730.0,"155,5"
2009,Europe (hors France),Belgique,BEL,995,217,17870.0,"220,3"
2009,Europe (hors France),Danemark,DNK,228,34,3955.0,"221,8"
2009,Europe (hors France),Espagne,ESP,4554,379,43749.0,"119,8"
2009,Europe (hors France),Finlande,FIN,234,25,2245.0,"109,2"
2009,Europe (hors France),Italie,ITA,11944,1011,137994.0,"145,8"
2009,Europe (hors France),Luxembourg,LUX,143,25,2065.0,"172,4"
2009,Europe (hors France),Norvège,NOR,168,45,2159.0,154
2009,Europe (hors France),Pays-Bas,NLD,676,117,8127.0,"146,7"
2009,Europe (hors France),Portugal,PRT,337,33,3292.0,"112,9"
2009,Europe (hors France),Royaume-Uni,GBR,3482,1112,36631.0,"127,8"
2009,Europe (hors France),Russie,RUS,601,98,7811.0,"162,7"
2009,Europe (hors France),Suède,SWE,411,125,4863.0,"153,9"
2009,Europe (hors France),Suisse,CHE,2136,500,37043.0,"209,7"
2009,France,France,FRA,39256,3007,936340.0,"287,1"
2009,Pacifique,Australie,AUS,6557,1349,66511.0,"121,5"
2009,Pacifique,Autre Pacifique,,557,27,8939.0,"215,2"
2009,Pacifique,Cook,COK,268,5,2741.0,"120,9"
2009,Pacifique,Fidji,FJI,131,5,1220.0,"106,2"
2009,Pacifique,Nouvelle-Calédonie,NCL,3875,136,57359.0,"170,7"
2009,Pacifique,Nouvelle-Zélande,NZL,4914,554,47125.0,"114,1"
2009,Pacifique,Samoa,WSM,75,1,802.0,"147,4"
2009,Pacifique,Tonga,TON,36,0,348.0,"94,1"
2009,Proche et Moyen Orient,Proche et Moyen Orient,,201,21,2364.0,"128,3"
2008,Afrique,Afrique,,338,87,5424.0,"201,3"
2008,Amérique Centrale,Autre Amérique Centrale,,108,28,1487.0,"157,4"
2008,Amérique Centrale,Mexique,MEX,1200,483,12164.0,"122,7"
2008,Amérique du Nord,Canada,CAN,7271,3344,88554.0,"148,2"
2008,Amérique du Nord,Hawaii,USA,1728,321,20896.0,"143,2"
2008,Amérique du Nord,USA,USA,53621,21924,551266.0,"123,9"
2008,Amérique du Sud,Argentine,ARG,1951,748,22090.0,"136,3"
2008,Amérique du Sud,Autre Amérique du Sud,,574,101,6358.0,134
2008,Amérique du Sud,Brésil,BRA,2455,388,29419.716796875,"140,1"
2008,Amérique du Sud,Chili,CHL,1585,170,16435.0,"121,1"
2008,Asie,Autre Asie,,51,15,635.0,"134,4"
2008,Asie,Chine,CHN,388,78,3792.0,"125,8"
2008,Asie,Corée du Sud,KOR,650,67,4432.0,"80,9"
2008,Asie,Hong Kong,HKG,259,38,2795.0,"127,5"
2008,Asie,Inde,IND,246,46,2185.0,"111,6"
2008,Asie,Indonésie,IDN,83,33,1489.0,332
2008,Asie,Japon,JPN,18769,418,116798.0,75
2008,Asie,Malaisie,MYS,70,5,1045.0,"171,3"
2008,Asie,Philippines,PHL,202,137,2145.0,"124,5"
2008,Asie,Singapour,SGP,202,24,1894.0,"110,8"
2008,Asie,Taïwan,TWN,195,19,1895.0,"117,8"
2008,Asie,Thaïlande,THA,111,24,1957.0,"209,4"
2008,Europe (hors France),Allemagne,DEU,4511,1749,60993.0,"165,8"
2008,Europe (hors France),Autre Europe,,2422,488,28734.0,"142,6"
2008,Europe (hors France),Autriche,AUT,998,512,13032.0,"165,4"
2008,Europe (hors France),Belgique,BEL,2025,1149,27862.0,"191,6"
2008,Europe (hors France),Danemark,DNK,259,76,4222.0,203
2008,Europe (hors France),Espagne,ESP,5960,521,55473.0,"117,8"
2008,Europe (hors France),Finlande,FIN,301,45,3809.0,"147,6"
2008,Europe (hors France),Italie,ITA,13802,1285,159250.0,"143,9"
2008,Europe (hors France),Luxembourg,LUX,168,46,2610.0,"193,7"
2008,Europe (hors France),Norvège,NOR,272,96,3521.0,"151,4"
2008,Europe (hors France),Pays-Bas,NLD,726,144,9083.0,"147,4"
2008,Europe (hors France),Portugal,PRT,470,75,5551.0,"148,2"
2008,Europe (hors France),Royaume-Uni,GBR,4977,1593,51372.0,125
2008,Europe (hors France),Russie,RUS,805,109,10545.0,"153,3"
2008,Europe (hors France),Suède,SWE,528,192,6425.0,145
2008,Europe (hors France),Suisse,CHE,2240,599,39202.0,"211,6"
2008,France,France,FRA,42374,3814,1005332.296875,286
2008,Pacifique,Australie,AUS,10228,1829,95417.0,"112,3"
2008,Pacifique,Autre Pacifique,,362,12,5179.0,"191,6"
2008,Pacifique,Cook,COK,309,9,2761.0,"112,5"
2008,Pacifique,Fidji,FJI,96,2,1124.0,"141,2"
2008,Pacifique,Nouvelle-Calédonie,NCL,3815,94,54744.7890625,"165,4"
2008,Pacifique,Nouvelle-Zélande,NZL,6545,563,57801.0,"105,8"
2008,Pacifique,Samoa,WSM,46,1,1002.0,"155,2"
2008,Pacifique,Tonga,TON,18,1,344.0,"178,4"
2008,Proche et Moyen Orient,Proche et Moyen Orient,,182,18,2260.0,"175,3"
2007,Afrique,Afrique,,764,130,14219.3046875,234
2007,Amérique Centrale,Autre Amérique Centrale,,229,58,2238.166015625,"116,4"
2007,Amérique Centrale,Mexique,MEX,1373,548,15638.568359375,"136,3"
2007,Amérique du Nord,Canada,CAN,7301,3400,90130.564453125,"149,6"
2007,Amérique du Nord,Hawaii,USA,639,60,8127.482421875,"160,5"
2007,Amérique du Nord,USA,USA,64910,23126,654033.333984375,121
2007,Amérique du Sud,Argentine,ARG,1797,554,22419.35546875,150
2007,Amérique du Sud,Autre Amérique du Sud,,678,116,8766.0087890625,"158,3"
2007,Amérique du Sud,Brésil,BRA,2654,623,31749.0,"143,9"
2007,Amérique du Sud,Chili,CHL,1864,229,19201.935546875,"122,1"
2007,Asie,Autre Asie,,163,25,2290.0,"193,6"
2007,Asie,Chine,CHN,440,30,4310.564453125,"123,8"
2007,Asie,Corée du Sud,KOR,571,16,3979.6689453125,"84,1"
2007,Asie,Hong Kong,HKG,140,9,1502.0,"112,3"
2007,Asie,Inde,IND,224,30,3010.5,"142,9"
2007,Asie,Indonésie,IDN,96,27,2195.0,"305,9"
2007,Asie,Japon,JPN,23240,433,164295.243164063,"84,8"
2007,Asie,Malaisie,MYS,88,15,1088.0,"143,5"
2007,Asie,Philippines,PHL,238,150,3276.123046875,"178,2"
2007,Asie,Singapour,SGP,227,36,2462.529296875,130
2007,Asie,Taïwan,TWN,91,10,1282.0,"128,5"
2007,Asie,Thaïlande,THA,79,9,1645.099609375,"280,1"
2007,Europe (hors France),Allemagne,DEU,4426,1401,59541.92578125,"171,6"
2007,Europe (hors France),Autre Europe,,2603,486,41263.7900390625,"196,7"
2007,Europe (hors France),Autriche,AUT,963,311,15044.189453125,"189,9"
2007,Europe (hors France),Belgique,BEL,1007,225,19088.890625,"225,1"
2007,Europe (hors France),Danemark,DNK,225,30,3154.375,"167,6"
2007,Europe (hors France),Espagne,ESP,6292,719,63122.642578125,"123,5"
2007,Europe (hors France),Finlande,FIN,577,81,5922.8583984375,"143,6"
2007,Europe (hors France),Italie,ITA,14385,1193,181538.55078125,"156,6"
2007,Europe (hors France),Luxembourg,LUX,140,23,2786.798828125,"292,9"
2007,Europe (hors France),Norvège,NOR,329,59,3773.20703125,"139,2"
2007,Europe (hors France),Pays-Bas,NLD,566,65,6881.087890625,"142,8"
2007,Europe (hors France),Portugal,PRT,499,78,6629.029296875,"167,4"
2007,Europe (hors France),Royaume-Uni,GBR,6233,1715,61033.4443359375,"120,4"
2007,Europe (hors France),Russie,RUS,744,145,10338.650390625,163
2007,Europe (hors France),Suède,SWE,558,80,6880.615234375,164
2007,Europe (hors France),Suisse,CHE,2497,546,45089.501953125,"217,1"
2007,France,France,FRA,43161,2850,1050727.98828125,"293,4"
2007,Pacifique,Australie,AUS,11746,1985,108571.607421875,"111,5"
2007,Pacifique,Autre Pacifique,,385,11,6270.853515625,"207,5"
2007,Pacifique,Cook,COK,464,7,3788.240234375,"100,5"
2007,Pacifique,Fidji,FJI,181,17,1887.0,"123,4"
2007,Pacifique,Nouvelle-Calédonie,NCL,3761,58,56182.505859375,"173,5"
2007,Pacifique,Nouvelle-Zélande,NZL,8198,1029,72574.2421875,"105,7"
2007,Pacifique,Samoa,WSM,86,1,2197.75,"231,2"
2007,Pacifique,Tonga,TON,66,3,742.99951171875,"152,4"
2007,Proche et Moyen Orient,Proche et Moyen Orient,,343,41,4307.83984375,158
